Result,Without Klopp,With Klopp
Win,47.45762711864407,62.5
Loss,28.8135593220339,14.527027027027026
Draw,23.728813559322035,22.972972972972975
